Depth (m),A (kPa),B (kPa),C (kPa)
0.75,304.9,1382.5,NaN
0.8,307.6,1372.5,NaN
0.85,310.2,1362.4,NaN
0.9,312.9,1352.4,NaN
0.95,315.4,1342.3,NaN
1.0,317.8,1332.3,NaN
1.05,320.2,1322.2,NaN
1.1,322.6,1312.2,NaN
1.15,325.0,1302.1,NaN
1.2,327.4,1292.1,NaN
1.25,329.8,1282.0,NaN
1.3,332.2,1272.0,NaN
1.35,334.5,1261.9,NaN
1.4,336.9,1251.9,NaN
1.45,339.2,1241.8,NaN
1.5,341.5,1231.8,NaN
1.55,343.9,1221.7,NaN
1.6,348.9,1213.5,NaN
1.65,354.3,1212.7,NaN
1.7,359.8,1214.7,NaN
1.75,362.6,1216.8,NaN
1.8,365.4,1218.9,NaN
1.85,368.0,1217.8,NaN
1.9,366.4,1216.8,NaN
1.95,364.7,1213.6,NaN
2.0,362.9,1209.9,NaN
2.05,356.5,1181.5,NaN
2.1,349.9,1151.9,NaN
2.15,343.2,1118.2,NaN
2.2,336.3,1081.0,NaN
2.25,330.3,1063.4,NaN
2.3,324.1,1045.8,NaN
2.35,317.6,1028.2,NaN
2.4,311.2,1010.7,NaN
2.45,304.8,993.2,NaN
2.5,297.9,964.8,NaN
2.55,291.1,940.9,NaN
2.6,284.7,922.2,NaN
2.65,278.1,901.0,NaN
2.7,271.5,879.4,NaN
2.75,265.0,858.7,NaN
2.8,260.8,842.8,NaN
2.85,257.0,833.8,NaN
2.9,253.2,824.8,NaN
2.95,249.6,815.8,NaN
3.0,246.1,806.9,NaN
3.05,242.7,799.7,NaN
3.1,239.3,793.0,NaN
3.15,236.0,786.3,NaN
3.2,232.6,779.6,NaN
3.25,230.4,764.0,NaN
3.3,228.1,746.2,NaN
3.35,225.9,729.8,NaN
3.4,223.7,713.4,NaN
3.45,235.6,752.0,NaN
3.5,248.0,819.6,NaN
3.55,260.4,888.7,NaN
3.6,276.6,934.0,NaN
3.65,273.5,913.2,NaN
3.7,270.4,891.6,NaN
3.75,268.8,866.6,NaN
3.8,266.9,833.6,NaN
3.85,264.2,786.4,NaN
3.9,262.8,706.5,NaN
3.95,261.7,630.7,NaN
4.0,257.3,488.0,NaN
4.05,252.3,536.8,NaN
4.1,248.2,601.5,NaN
4.15,244.5,679.2,NaN
4.2,241.9,780.1,NaN
4.25,237.0,773.7,NaN
4.3,232.1,766.3,NaN
4.35,230.4,755.2,NaN
4.4,228.7,744.1,NaN
4.45,225.9,709.4,NaN
4.5,222.4,659.1,NaN
4.55,221.1,598.6,NaN
4.6,219.5,531.8,NaN
4.65,226.1,580.1,NaN
4.7,233.0,632.1,NaN
4.75,240.5,698.3,NaN
4.8,249.4,792.3,NaN
4.85,255.4,826.0,NaN
4.9,255.8,833.0,NaN
4.95,256.3,840.1,NaN
5.0,256.7,847.1,NaN
5.05,255.4,816.8,NaN
5.1,248.0,786.5,NaN
5.15,240.7,756.2,NaN
5.2,233.2,722.5,NaN
5.25,222.2,667.2,NaN
5.3,209.7,582.4,NaN
5.35,194.8,469.0,NaN
5.4,179.6,384.8,NaN
5.45,165.2,317.0,NaN
5.5,178.2,422.2,NaN
5.55,191.4,531.1,NaN
5.6,205.7,628.7,NaN
5.65,220.2,708.3,NaN
5.7,212.4,626.7,NaN
5.75,204.5,540.5,NaN
5.8,196.7,457.7,5.8
5.85,190.2,400.7,8.9
5.9,192.8,457.3,12.1
5.95,196.4,535.0,15.2
6.0,198.8,585.9,18.3
6.05,205.9,626.7,21.5
6.1,212.4,654.3,23.7
6.15,223.4,682.0,23.9
6.2,234.2,706.9,24.0
6.25,245.2,735.9,24.1
6.3,267.0,780.6,24.2
6.35,289.4,858.1,24.3
6.4,308.5,932.9,24.4
6.45,326.8,990.9,24.6
6.5,340.1,943.6,24.7
6.55,323.9,900.8,26.0
6.6,307.9,861.0,28.3
6.65,291.8,810.4,30.7
6.7,277.1,781.1,33.0
6.75,262.5,757.7,35.3
6.8,247.2,729.2,37.7
6.85,231.7,697.1,40.0
6.9,229.7,657.8,42.3
6.95,227.1,607.6,46.5
7.0,224.6,557.5,53.7
7.05,222.1,507.5,60.9
7.1,220.1,470.3,68.1
7.15,218.6,441.0,75.4
7.2,217.0,412.5,88.0
7.25,215.6,386.7,100.6
7.3,214.6,369.7,111.7
7.35,217.0,365.9,119.3
7.4,219.3,362.2,127.0
7.45,221.6,358.4,132.5
7.5,223.9,355.9,133.6
7.55,224.3,358.2,134.6
7.6,224.7,359.7,135.7
7.65,222.7,360.8,136.8
7.7,220.7,363.1,137.8
7.75,218.9,370.4,135.6
7.8,217.2,377.8,130.5
7.85,215.4,385.1,125.3
7.9,213.4,387.6,120.1
7.95,215.3,386.8,114.9
8.0,217.1,386.0,109.8
8.05,218.9,385.3,107.6
8.1,220.7,384.2,113.4
8.15,225.4,381.9,119.1
8.2,230.1,379.6,124.8
8.25,234.8,377.4,130.5
8.3,239.5,376.4,136.3
8.35,244.3,376.2,142.8
8.4,249.1,378.4,149.8
8.45,253.9,381.2,156.7
8.5,258.7,382.7,163.6
8.55,256.0,379.0,169.2
8.6,253.3,375.2,173.8
8.65,250.5,371.5,178.3
8.7,248.1,372.9,182.9
8.75,245.7,377.6,179.8
8.8,248.5,382.4,175.6
8.85,251.2,387.2,171.4
8.9,255.0,415.4,167.2
8.95,263.2,584.0,148.8
9.0,271.6,757.4,126.6
9.05,279.0,908.8,100.3
9.1,296.4,1002.1,88.5
9.15,324.0,1062.5,77.9
9.2,357.4,1113.6,67.4
9.25,382.9,1158.5,63.5
9.3,405.3,1190.6,63.4
9.35,402.9,1198.5,63.3
9.4,400.5,1206.4,63.2
9.45,398.0,1214.3,63.1
9.5,396.1,1167.5,62.2
9.55,394.2,1120.6,60.0
9.6,399.6,929.7,57.8
9.65,404.8,862.0,55.7
9.7,410.0,794.2,53.6
9.75,409.8,926.1,55.1
9.8,407.4,1010.7,56.5
9.85,404.9,1095.4,57.9
9.9,402.5,1180.3,59.4
9.95,397.3,1153.4,60.8
10.0,392.0,1126.5,62.3
10.05,386.9,1102.0,63.7
10.1,381.9,1079.1,64.4
10.15,377.3,1066.2,64.8
10.2,372.7,1053.4,65.2
10.25,371.7,1040.5,65.5
10.3,370.6,1027.7,65.9
10.35,382.5,1067.4,66.3
10.4,394.4,1107.1,66.7
10.45,406.3,1146.8,66.6
10.5,418.2,1186.5,65.7
10.55,408.0,1191.3,64.9
10.6,397.8,1196.1,64.0
10.65,387.6,1200.9,63.1
10.7,377.4,1205.7,62.2
10.75,405.2,1284.1,61.3
10.8,432.7,1357.4,63.1
10.85,471.6,1432.9,65.1
10.9,521.4,1565.7,67.0
10.95,536.7,1508.2,68.9
11.0,525.7,1450.7,70.8
11.05,514.7,1392.8,72.7
11.1,501.0,1320.7,69.9
11.15,488.7,1276.9,67.2
11.2,466.8,1245.6,64.5
11.25,444.6,1200.3,61.8
11.3,423.7,1149.7,59.1
11.35,408.4,1091.6,56.3
11.4,391.3,995.8,62.8
11.45,376.4,895.1,71.8
11.5,365.6,815.9,80.8
11.55,362.0,750.1,89.9
11.6,361.5,695.6,98.9
11.65,362.9,646.0,112.0
11.7,364.8,603.6,130.6
11.75,365.4,567.2,146.6
11.8,365.4,564.0,160.9
11.85,365.4,560.7,174.7
11.9,365.4,557.4,186.1
11.95,371.7,556.9,197.6
12.0,379.6,558.2,208.7
12.05,387.5,559.6,218.2
12.1,395.4,561.0,227.6
12.15,398.7,563.0,237.1
12.2,398.8,565.4,245.5
12.25,399.0,567.9,253.3
12.3,398.5,570.4,261.1
12.35,394.8,569.1,264.6
12.4,390.1,565.4,257.2
12.45,381.4,561.7,249.8
12.5,374.6,558.1,242.4
12.55,374.9,557.2,235.0
12.6,375.7,567.8,229.4
12.65,380.8,579.2,240.1
12.7,386.9,591.5,250.7
12.75,392.7,596.4,261.4
12.8,398.3,596.4,272.1
12.85,405.2,596.5,282.7
12.9,412.4,596.5,293.4
12.95,419.4,592.9,297.9
13.0,415.0,583.9,295.7
13.05,410.6,574.9,293.5
13.1,407.6,565.9,291.3
13.15,407.0,557.0,289.1
13.2,407.2,563.4,292.6
13.25,415.1,573.8,298.5
13.3,423.1,584.1,304.4
13.35,429.4,594.4,310.3
13.4,435.5,600.7,316.2
13.45,441.6,606.9,322.1
13.5,447.7,613.2,328.0
13.55,453.8,619.4,333.8
13.6,459.8,625.7,339.0
13.65,465.8,631.9,344.0
13.7,471.8,638.2,349.0
13.75,477.8,644.4,354.0
13.8,479.2,647.9,359.0
13.85,480.5,649.6,363.6
13.9,483.0,652.7,367.9
13.95,485.9,658.0,372.3
14.0,490.0,665.3,376.7
14.05,496.0,675.6,381.1
14.1,502.2,689.6,385.4
14.15,502.4,691.8,373.3
14.2,493.6,689.0,357.3
14.25,478.8,682.9,339.2
14.3,462.6,677.1,323.5
14.35,446.1,671.6,313.2
14.4,444.0,670.7,302.8
14.45,442.0,671.1,292.5
14.5,441.3,671.4,285.5
14.55,441.6,674.9,298.6
14.6,455.9,680.6,311.6
14.65,473.9,686.9,324.7
14.7,493.4,694.2,350.0
14.75,511.5,700.8,370.9
14.8,524.3,706.2,387.4
14.85,533.5,711.7,398.9
14.9,540.7,716.9,406.0
14.95,546.6,721.7,413.0
15.0,552.6,730.1,420.1
15.05,557.2,739.4,422.4
15.1,561.8,749.3,424.0
15.15,566.4,759.2,425.7
15.2,570.4,762.1,427.3
15.25,574.2,760.3,429.0
15.3,578.1,758.5,430.6
15.35,582.6,757.9,432.3
15.4,582.6,758.1,433.9
15.45,582.5,758.2,435.0
15.5,579.0,758.4,435.6
15.55,574.7,759.6,436.2
15.6,570.5,764.7,436.7
15.65,575.8,769.8,437.3
15.7,581.0,774.9,437.9
15.75,587.5,780.0,438.5
15.8,594.5,777.9,439.0
15.85,591.8,771.1,439.6
15.9,586.6,764.3,440.2
15.95,581.6,757.5,439.5
16.0,576.7,753.7,437.4
16.05,575.5,761.5,435.2
16.1,576.5,769.4,433.0
16.15,579.8,777.3,430.8
16.2,584.4,782.4,428.6
16.25,584.0,776.7,426.4
16.3,576.1,761.1,424.2
16.35,568.3,748.3,417.6
16.4,559.5,735.6,410.3
16.45,550.7,722.8,403.1
16.5,541.6,710.0,395.8
16.55,532.5,697.3,388.6
16.6,523.5,684.5,381.4
16.65,531.1,696.8,388.6
16.7,539.0,715.5,397.2
16.75,548.2,734.1,405.7
16.8,557.8,752.7,414.3
16.85,562.3,755.9,422.8
16.9,565.9,755.3,432.3
16.95,570.7,754.7,441.9
17.0,575.3,754.1,451.5
17.05,579.9,756.8,457.3
17.1,582.9,764.5,460.6
17.15,584.5,772.2,463.9
17.2,587.6,779.8,467.2
17.25,590.7,779.9,470.5
17.3,593.5,777.9,473.7
17.35,596.4,776.0,477.0
17.4,598.7,774.1,478.2
17.45,600.8,775.3,478.2
17.5,601.8,776.5,478.2
17.55,602.9,778.6,478.2
17.6,604.1,782.0,478.2
17.65,605.3,785.4,478.2
17.7,606.4,788.8,478.2
17.75,608.0,792.3,478.3
17.8,610.1,795.7,478.3
17.85,612.3,799.1,478.8
17.9,613.9,802.5,479.4
17.95,615.1,805.9,480.0
18.0,616.3,809.3,480.6
18.05,617.2,807.2,481.3
18.1,616.4,801.6,481.9
18.15,615.7,795.9,482.5
18.2,614.9,790.3,483.1
18.25,614.2,787.4,483.8
18.3,615.5,788.7,484.9
18.35,616.7,789.9,486.3
18.4,618.0,791.2,487.8
18.45,619.7,792.5,489.3
18.5,621.6,793.8,490.8
18.55,623.4,795.1,492.2
18.6,625.7,797.3,493.7
18.65,628.3,803.4,495.2
18.7,630.9,809.4,493.9
18.75,633.3,815.5,492.0
18.8,635.6,821.5,490.1
18.85,637.9,827.6,488.2
18.9,637.1,828.0,481.9
18.95,634.3,828.4,467.9
19.0,631.4,828.8,454.6
19.05,628.0,827.7,442.5
19.1,621.8,820.1,430.4
19.15,615.4,812.6,418.3
19.2,608.2,805.1,406.2
19.25,601.0,797.6,394.2
19.3,598.8,790.0,397.6
19.35,599.9,782.1,409.0
19.4,601.1,774.2,420.4
19.45,601.7,766.3,430.8
19.5,601.3,778.5,417.6
19.55,600.9,790.7,404.5
19.6,599.1,803.0,391.4
19.65,596.1,810.6,382.4
19.7,592.9,800.1,392.4
19.75,592.6,789.6,402.4
19.8,592.3,779.1,412.4
19.85,593.3,768.6,423.4
19.9,599.7,783.8,434.6
19.95,609.3,798.9,445.9
20.0,617.6,814.1,457.1
20.05,625.0,827.5,447.1
20.1,632.1,833.9,416.0
20.15,605.1,840.3,377.2
20.2,581.9,846.7,313.0
20.25,559.6,853.1,258.8
20.3,551.9,942.0,228.1
20.35,556.4,1003.5,214.2
20.4,568.0,1058.2,203.9
20.45,577.6,1113.2,193.7
20.5,581.4,1168.1,212.2
20.55,575.7,1024.2,246.1
20.6,562.7,830.1,281.2
20.65,554.0,727.7,313.5
20.7,559.1,757.9,340.2
20.75,576.4,788.2,349.2
20.8,597.1,817.7,358.2
20.85,615.0,846.0,367.2
20.9,634.3,853.9,376.3
20.95,639.5,848.1,385.5
21.0,642.4,842.3,394.7
21.05,641.9,836.5,403.9
21.1,641.4,830.7,411.0
21.15,640.9,824.9,416.8
21.2,638.0,819.1,422.7
21.25,635.1,813.3,428.6
21.3,635.2,820.1,434.4
21.35,645.5,835.2,446.1
21.4,658.6,850.3,462.0
21.45,672.8,865.4,477.9
21.5,682.6,880.5,489.6
21.55,692.3,895.6,487.9
21.6,701.9,910.7,486.2
21.65,707.3,925.8,484.6
21.7,712.2,931.5,482.9
21.75,716.6,930.9,499.2
21.8,720.7,930.3,516.5
21.85,724.8,929.7,531.7
21.9,727.6,929.8,546.5
21.95,729.7,932.8,559.1
22.0,731.9,935.8,571.7
22.05,733.6,938.8,581.4
22.1,735.1,941.8,587.9
22.15,736.7,944.8,594.3
22.2,739.0,947.8,600.7
22.25,742.5,950.8,602.7
22.3,745.8,950.8,604.2
22.35,748.6,950.9,605.7
22.4,749.1,950.9,607.2
22.45,749.7,951.0,608.7
22.5,750.2,951.1,609.4
22.55,751.1,951.1,607.3
22.6,752.2,951.2,605.1
22.65,753.2,951.2,603.0
22.7,754.2,951.2,601.3
22.75,755.3,951.2,600.9
22.8,756.4,951.2,600.5
22.85,757.5,951.2,600.1
22.9,754.0,949.3,599.8
22.95,750.6,947.4,599.4
23.0,747.0,945.5,599.0
23.05,742.7,943.5,598.6
23.1,738.3,941.2,599.9
23.15,736.7,938.7,601.3
23.2,735.8,936.2,602.8
23.25,734.9,933.7,604.3
23.3,734.0,931.6,605.8
23.35,734.0,931.5,607.2
23.4,734.0,931.3,606.4
23.45,734.0,931.1,604.5
23.5,736.5,932.0,602.5
23.55,739.9,937.1,600.5
23.6,743.6,942.2,598.6
23.65,748.6,947.3,598.6
23.7,753.7,952.4,598.6
23.75,755.6,957.6,598.6
23.8,755.5,962.7,598.6
23.85,755.4,967.8,598.7
23.9,755.0,970.9,598.7
23.95,754.0,970.9,598.7
24.0,752.6,963.5,599.0
24.05,751.5,956.0,599.5
24.1,751.1,948.6,600.0
24.15,751.4,953.3,600.5
24.2,751.7,961.1,601.0
24.25,752.3,968.9,601.5
24.3,753.2,976.6,589.5
24.35,755.1,1004.5,576.6
24.4,767.6,1068.1,546.0
24.45,777.4,1135.1,508.4
24.5,784.8,1181.2,470.8
24.55,790.3,1227.2,480.7
24.6,789.9,1167.8,508.0
24.65,786.3,1102.2,541.6
24.7,783.1,1047.7,575.1
24.75,781.1,1016.7,592.2
24.8,780.1,1008.1,609.2
24.85,779.2,1004.2,612.8
24.9,778.3,1000.2,615.2
24.95,777.4,997.8,617.6
25.0,777.6,1001.6,619.9
25.05,777.8,1005.3,622.3
25.1,778.0,1009.0,624.7
25.15,779.7,1011.2,627.1
25.2,783.7,1012.2,629.1
25.25,787.7,1013.3,631.2
25.3,791.0,1014.4,633.2
25.35,793.5,1012.7,635.3
25.4,796.0,1009.2,637.3
25.45,793.4,1005.7,639.4
25.5,790.8,1002.2,641.4
25.55,788.2,998.7,643.4
25.6,788.7,1007.1,645.5
25.65,789.2,1015.5,647.5
25.7,789.8,1024.0,649.5
25.75,790.3,1032.4,651.5
25.8,795.5,1040.8,653.5
25.85,800.6,1049.3,655.5
25.9,805.0,1057.7,657.5
25.95,808.9,1066.1,659.5
26.0,812.4,1067.5,661.5
26.05,814.7,1067.2,662.8
26.1,816.2,1066.9,664.0
26.15,817.6,1066.5,665.3
26.2,819.1,1066.7,666.5
26.25,821.2,1069.0,667.7
26.3,823.2,1071.2,669.0
26.35,825.3,1075.1,670.2
26.4,831.4,1079.4,671.5
26.45,838.7,1084.7,672.7
26.5,846.4,1090.0,673.1
26.55,854.3,1095.4,673.2
26.6,856.5,1096.2,673.4
26.65,853.1,1090.2,673.5
26.7,843.3,1084.2,673.6
26.75,835.0,1078.3,673.7
26.8,828.8,1065.9,673.8
26.85,823.3,1052.0,673.9
26.9,820.8,1031.2,674.0
26.95,818.1,1005.8,662.9
27.0,818.4,1044.8,624.2
27.05,795.4,1188.8,521.0
27.1,790.3,1360.4,430.5
27.15,776.7,1523.1,339.9
27.2,752.1,1707.9,267.5
27.25,761.8,1573.6,358.8
27.3,773.9,1408.2,450.1
27.35,792.6,1275.0,537.4
27.4,819.6,1153.3,640.2
27.45,819.2,1081.3,654.5
27.5,822.6,1087.8,667.5
27.55,825.9,1094.2,677.8
27.6,829.3,1100.7,683.0
27.65,832.4,1101.9,688.1
27.7,835.4,1099.7,693.3
27.75,838.6,1097.5,698.5
27.8,842.0,1095.3,702.0
27.85,845.6,1096.0,702.6
27.9,848.0,1097.3,703.2
27.95,850.4,1098.7,703.9
28.0,851.8,1099.3,704.5
28.05,851.9,1099.9,705.1
28.1,852.0,1102.0,705.8
28.15,850.0,1106.3,706.4
28.2,849.9,1110.6,707.0
28.25,852.5,1110.2,708.2
28.3,855.1,1109.8,710.4
28.35,858.3,1109.4,712.6
28.4,861.9,1109.0,714.8
28.45,865.6,1111.1,717.0
28.5,868.5,1117.0,718.6
28.55,871.5,1122.8,715.8
28.6,874.4,1128.7,713.1
28.65,869.2,1116.7,710.4
28.7,864.1,1104.7,707.6
28.75,859.0,1092.8,704.9
28.8,852.2,1080.8,688.1
28.85,856.7,1306.1,600.3
28.9,868.3,1552.0,500.3
28.95,883.8,1878.3,402.5
29.0,898.8,2196.0,256.2
